post_id,comment_id,subreddit,author,timestamp,score,text,title,full_text,sentiment_label,sentiment_score,topic_id,topic_name
t3_1phdta6,t1_nsy1xll,,mtbox1987,2025-12-08T15:07:02+00:00,377,"I am starting tomorrow. coffee, edibles, processed food, sugar. You have inspired me.",,"I am starting tomorrow. coffee, edibles, processed food, sugar. You have inspired me.",positive,0.8946753740310669,0,0_just_like_quit_going
t3_1phdta6,t1_nsyi20c,,mtbox1987,2025-12-08T16:27:49+00:00,198,Why tomorrow? Tomorrow never comes. You need to start now.,,Why tomorrow? Tomorrow never comes. You need to start now.,neutral,0.6379261016845703,1,1_tomorrow_today_start_man
t3_1phdta6,t1_nt4pm8n,,ebb_kdk,2025-12-09T16:00:59+00:00,81,Because they already had their coffee,,Because they already had their coffee,neutral,0.8185834884643555,0,0_just_like_quit_going
t3_1phdta6,t1_nti89jf,,ccflier,2025-12-11T18:16:19+00:00,1,Start now. Because unless its 11:59pm you always have time for another one that will ruin your motivation to even start tomorrow.,,Start now. Because unless its 11:59pm you always have time for another one that will ruin your motivation to even start tomorrow.,negative,0.5668206810951233,1,1_tomorrow_today_start_man
t3_1phdta6,t1_nt64b7b,,BrolyBoostPack,2025-12-09T20:14:49+00:00,13,"There is no tomorrow or yesterday, or even today. Just… Now. We cannot experience the future as it has not came yet nor the past, as it has already gone and today is both past and future. So all three are unobtainable. We experience Only… “Now.” 👁️👄👁️",,"There is no tomorrow or yesterday, or even today. Just… Now. We cannot experience the future as it has not came yet nor the past, as it has already gone and today is both past and future. So all three are unobtainable. We experience Only… “Now.” 👁️👄👁️",neutral,0.701213002204895,1,1_tomorrow_today_start_man
t3_1phdta6,t1_nt3kfl4,,coyotesupergenius,2025-12-09T11:58:31+00:00,9,Tomorrow comes today,,Tomorrow comes today,positive,0.5294783115386963,1,1_tomorrow_today_start_man
t3_1phdta6,t1_nwirr8j,,Green_Guy_502,2025-12-29T09:54:36+00:00,1,It's Tomorrow Never Dies.,,It's Tomorrow Never Dies.,positive,0.709754228591919,1,1_tomorrow_today_start_man
t3_1phdta6,t1_nsyg2k5,,accidentalquitter,2025-12-08T16:18:02+00:00,22,"You’re going to feel better tired from the sugar withdrawal! It’s normal. Look into the Whole30 diet, it’s 30 days and it sets you up for this kind of cleanse. You’ll still feel the sugar withdrawal but it’s more manageable with a schedule and goal in mind. I haven’t done this method yet but have many friends who have, and they all talk about the exhaustion they feel a week or so in, irritability, but then it starts to lift. Good luck!!",,"You’re going to feel better tired from the sugar withdrawal! It’s normal. Look into the Whole30 diet, it’s 30 days and it sets you up for this kind of cleanse. You’ll still feel the sugar withdrawal but it’s more manageable with a schedule and goal in mind. I haven’t done this method yet but have many friends who have, and they all talk about the exhaustion they feel a week or so in, irritability, but then it starts to lift. Good luck!!",positive,0.7367547154426575,0,0_just_like_quit_going
t3_1phdta6,t1_nt81fk3,,Evidence_UC,2025-12-10T02:29:40+00:00,5,The whole30 is hilarious though because they don’t cut out caffeine. Whoever made that program clearly said “ok I’ll cut out all this stuff but PLEASE I can’t do without my morning coffee”,,The whole30 is hilarious though because they don’t cut out caffeine. Whoever made that program clearly said “ok I’ll cut out all this stuff but PLEASE I can’t do without my morning coffee”,negative,0.5213832855224609,0,0_just_like_quit_going
t3_1phdta6,t1_ntcy1lt,,Massive-Technology36,2025-12-10T21:30:05+00:00,1,Caffeine is going to be the hardest for me,,Caffeine is going to be the hardest for me,negative,0.8212809562683105,0,0_just_like_quit_going
t3_1phdta6,t1_nsyjwz5,,Repulsive_Support_13,2025-12-08T16:36:59+00:00,8,You got this.,,You got this.,positive,0.8723442554473877,1,1_tomorrow_today_start_man
t3_1phdta6,t1_nsy7ztv,,Striped_Sock,2025-12-08T15:38:13+00:00,16,Start today!,,Start today!,neutral,0.5829513669013977,1,1_tomorrow_today_start_man
t3_1phdta6,t1_nsy4zzc,,Mammoth-Car3183,2025-12-08T15:22:53+00:00,11,Glad to hear that! We’ll be rooting for you man,,Glad to hear that! We’ll be rooting for you man,positive,0.9872796535491943,1,1_tomorrow_today_start_man
t3_1phdta6,t1_nv20njo,,Puzzleheaded_Box9617,2025-12-20T16:52:14+00:00,1,Congrats on the change you made! It’s inspiring reading the success story’s,,Congrats on the change you made! It’s inspiring reading the success story’s,positive,0.9876313805580139,1,1_tomorrow_today_start_man
t3_1phdta6,t1_nt1cg67,,leon-english,2025-12-09T01:19:21+00:00,2,"You got this, there is only the present. Keep up the fight, I’m right there with you.",,"You got this, there is only the present. Keep up the fight, I’m right there with you.",positive,0.9349672794342041,1,1_tomorrow_today_start_man
t3_1phdta6,t1_nt3ujuv,,CauliflowerLonely799,2025-12-09T13:11:36+00:00,2,The edibles though 😢,,The edibles though 😢,negative,0.7431263327598572,0,0_just_like_quit_going
t3_1phdta6,t1_nt8dk5k,,akitasamuraix,2025-12-10T03:44:15+00:00,2,"Damn Rock, what's Tha matter wit you!!! There is no tomorrow! There is no tomorrow!!!",,"Damn Rock, what's Tha matter wit you!!! There is no tomorrow! There is no tomorrow!!!",negative,0.8336325883865356,1,1_tomorrow_today_start_man
t3_1phdta6,t1_nt0gb2i,,Sucessful_Test1555,2025-12-08T22:14:31+00:00,3,No time like the present. Success!,,No time like the present. Success!,positive,0.98175448179245,1,1_tomorrow_today_start_man
t3_1phdta6,t1_nt0rt6j,,Krypto_Kyle,2025-12-08T23:18:04+00:00,3,Don't ignore the sugar withdrawals it generally can be fixed by eating healthy carbs like fruit and/or starches.  It's your body telling you need to carbs you just don't need raw sugar.,,Don't ignore the sugar withdrawals it generally can be fixed by eating healthy carbs like fruit and/or starches. It's your body telling you need to carbs you just don't need raw sugar.,neutral,0.6927167177200317,0,0_just_like_quit_going
t3_1phdta6,t1_nsz4oop,,Msbutterfly1976,2025-12-08T18:18:44+00:00,2,Don’t put off for tomorrow what you can do today!,,Don’t put off for tomorrow what you can do today!,positive,0.8340340852737427,1,1_tomorrow_today_start_man
t3_1phdta6,t1_nt30zke,,Queasy_Day3771,2025-12-09T08:52:30+00:00,1,Start now it is worth it,,Start now it is worth it,positive,0.8654780387878418,1,1_tomorrow_today_start_man
t3_1phdta6,t1_nto00bx,,RevolutionaryEar3054,2025-12-12T16:16:26+00:00,1,I made the decision to quit nicotine all together about 3 days ago. Still struggling with not having it in my hand as a fidget or habit but it’s getting better already. I’ve been vaping for 9 years and I’m 23 now…,,I made the decision to quit nicotine all together about 3 days ago. Still struggling with not having it in my hand as a fidget or habit but it’s getting better already. I’ve been vaping for 9 years and I’m 23 now…,positive,0.6746286153793335,0,0_just_like_quit_going
t3_1phdta6,t1_nsy30bu,,Mammoth-Car3183,2025-12-08T15:12:41+00:00,98,"As someone who avoided most of these things for most of my adult life until relatively recently, it's crazy how different things have been since I sort of gave in, maybe around 32?  Now at 39, the decline is so palpable in so many ways.  I spent all of my 20s as early 30s more fit than everyone, never having had social media, rarely touching sugar, no porn, very limited substance use, etc.  It was almost isolating how sharp my mind felt, but I loved it.  When I connected with someone it was at a high level and with depths.  Now that I engage in so many vice habits and am more sedentary life is so muted and dull.  Good for you, man.  Stay the course.  It's richer there.",,"As someone who avoided most of these things for most of my adult life until relatively recently, it's crazy how different things have been since I sort of gave in, maybe around 32? Now at 39, the decline is so palpable in so many ways. I spent all of my 20s as early 30s more fit than everyone, never having had social media, rarely touching sugar, no porn, very limited substance use, etc. It was almost isolating how sharp my mind felt, but I loved it. When I connected with someone it was at a high level and with depths. Now that I engage in so many vice habits and am more sedentary life is so muted and dull. Good for you, man. Stay the course. It's richer there.",neutral,0.4587983191013336,0,0_just_like_quit_going
t3_1phdta6,t1_nsyhm0p,,Mammoth-Car3183,2025-12-08T16:25:36+00:00,31,"Damn, this really hit. It’s wild how fast things can dull out when a few habits slip. Hearing you talk about how sharp and present you used to feel is inspiring man. Really appreciate it.",,"Damn, this really hit. It’s wild how fast things can dull out when a few habits slip. Hearing you talk about how sharp and present you used to feel is inspiring man. Really appreciate it.",positive,0.7758381962776184,0,0_just_like_quit_going
t3_1phdta6,t1_nt71lps,,honey7man,2025-12-09T23:01:36+00:00,7,"Relatable. I had an incredible routine in fitness and life in general. Things went really well in my early twenties. Then the pandemic happened, threw my routines into a stir and I just thought it’d be fun to ‘cosplay’ as a person that binges junk food, videos games, and morning sleeping for a bit. All things that I didn’t engage with at the time, just for a bit and I’ll go back to my fresh healthy lifestyle. I thought I earned this because my mind and body was in such a great state! It was fun and I was able to handle it for a quite some time…. Until I couldn’t stop. In my mid twenties now and I have vices, I’m out of shape, I just feel the lack of healthy aspects I once had affect my tiredness, mood, and ability to commit to things so much.",,"Relatable. I had an incredible routine in fitness and life in general. Things went really well in my early twenties. Then the pandemic happened, threw my routines into a stir and I just thought it’d be fun to ‘cosplay’ as a person that binges junk food, videos games, and morning sleeping for a bit. All things that I didn’t engage with at the time, just for a bit and I’ll go back to my fresh healthy lifestyle. I thought I earned this because my mind and body was in such a great state! It was fun and I was able to handle it for a quite some time…. Until I couldn’t stop. In my mid twenties now and I have vices, I’m out of shape, I just feel the lack of healthy aspects I once had affect my tiredness, mood, and ability to commit to things so much.",positive,0.6726146936416626,0,0_just_like_quit_going
t3_1phdta6,t1_nsy0w6v,,Kilucrulustucru,2025-12-08T15:01:27+00:00,68,"Congrats ! Did the same 3 months ago with p*rn, caffeine and alcohol. I’m still going out sometimes but since I’m not drinking, I’m going home earlier. I don’t want to miss any social life either and I was surprise how much I do have fun on party without alcohol. Keep going !",,"Congrats ! Did the same 3 months ago with p*rn, caffeine and alcohol. I’m still going out sometimes but since I’m not drinking, I’m going home earlier. I don’t want to miss any social life either and I was surprise how much I do have fun on party without alcohol. Keep going !",positive,0.9218573570251465,0,0_just_like_quit_going
t3_1phdta6,t1_nsy4wm4,,Mammoth-Car3183,2025-12-08T15:22:25+00:00,16,"Totally loved this man, it shows how we can have fun without any external factors. Keep going you too!",,"Totally loved this man, it shows how we can have fun without any external factors. Keep going you too!",positive,0.9837628602981567,1,1_tomorrow_today_start_man
t3_1phdta6,t1_nsyyr5e,,Tanoran,2025-12-08T17:49:56+00:00,18,"Question for you OP: What do you do in your down time? Presumably after work you have some sort of easy activity. Cutting phone use seems reasonable, but cutting out screens altogether would be quite difficult given their pervasiveness.",,"Question for you OP: What do you do in your down time? Presumably after work you have some sort of easy activity. Cutting phone use seems reasonable, but cutting out screens altogether would be quite difficult given their pervasiveness.",neutral,0.7881429195404053,0,0_just_like_quit_going
t3_1phdta6,t1_nt13chx,,AnnaNass,2025-12-09T00:25:08+00:00,8,"I think the main thing is to do something with purpose. For example, I have a timer for my social media for each day, so I can use reddit for 30 minutes but then it gets blocked for the day. Enables me to browse my favorite subreddits in my downtime without it ending in doom scrolling because I know I only have 30 minutes and rather checkout something nice and inspiring/interesting in that time. 
Or sit down and watch your favorite show, that's fine. Just don't binge watch it for hours on end without actually taking anything in. Same with video games. Enjoy them for an hour and then do something else. Sometimes it's easier to get to that point if you quit for a while, so that the hour feels like plenty of time and a reward again. I also like to do ""funjects"" in my free time, so projects I do for me or for others that do not have a deadline. Writing some code or craft something (often gifts for others), listen to an audiobook or sit down with a real book. I also like to meet with friends for a walk or do volunteer work.",,"I think the main thing is to do something with purpose. For example, I have a timer for my social media for each day, so I can use reddit for 30 minutes but then it gets blocked for the day. Enables me to browse my favorite subreddits in my downtime without it ending in doom scrolling because I know I only have 30 minutes and rather checkout something nice and inspiring/interesting in that time. Or sit down and watch your favorite show, that's fine. Just don't binge watch it for hours on end without actually taking anything in. Same with video games. Enjoy them for an hour and then do something else. Sometimes it's easier to get to that point if you quit for a while, so that the hour feels like plenty of time and a reward again. I also like to do ""funjects"" in my free time, so projects I do for me or for others that do not have a deadline. Writing some code or craft something (often gifts for others), listen to an audiobook or sit down with a real book. I also like to meet with friends for a walk or do volunteer work.",neutral,0.5276232957839966,0,0_just_like_quit_going
t3_1phdta6,t1_nt1x4xr,,Mammoth-Car3183,2025-12-09T03:21:01+00:00,22,"Honestly? My “down time” looks super boring on paper. After work I try to keep it stupid simple so my brain doesn’t spiral back into overstimulation. Like I’ll go for a walk, cook something, clean my room a bit, or just sit on the couch doing absolutely nothing for a few minutes. And yeah, cutting all screens is impossible lol. I’m not pretending I live in a cave. I just try to use screens on purpose instead of letting them drag me around. Even small stuff like leaving the phone in another room for 20–30 mins makes a stupidly big difference. It’s not about being perfect, it’s just giving your brain a break, that’s it.",,"Honestly? My “down time” looks super boring on paper. After work I try to keep it stupid simple so my brain doesn’t spiral back into overstimulation. Like I’ll go for a walk, cook something, clean my room a bit, or just sit on the couch doing absolutely nothing for a few minutes. And yeah, cutting all screens is impossible lol. I’m not pretending I live in a cave. I just try to use screens on purpose instead of letting them drag me around. Even small stuff like leaving the phone in another room for 20–30 mins makes a stupidly big difference. It’s not about being perfect, it’s just giving your brain a break, that’s it.",negative,0.6259794235229492,0,0_just_like_quit_going
t3_1phdta6,t1_ntasvd4,,BLISSING_ALWAYS,2025-12-10T15:09:47+00:00,4,“Even small stuff like leaving the phone in another room for 20–30 mins makes a stupidly big difference.“ 👍,,“Even small stuff like leaving the phone in another room for 20–30 mins makes a stupidly big difference.“ 👍,positive,0.5201910138130188,0,0_just_like_quit_going
t3_1phdta6,t1_nt4l5d4,,alexcale,2025-12-09T15:39:30+00:00,2,"Face the idea to feel PROUD to quit phone. 📱 
Check some old pictures of family or people in the city speaking to each other instead of stay with broken neck on that brick 🧱 full of dopamine, that steals your full and real life. Get an Architecture book, a bio of a mathematician, go into a garden and read it and after that take a walk alone or in the city. Walk and appreciate the sun ☀️ or the moon 🌙. Check the eyes of the people around and do a small smile to them. Ask the name of their dog. ""Forget"" the phone at home for 8 hours.",,"Face the idea to feel PROUD to quit phone. 📱 Check some old pictures of family or people in the city speaking to each other instead of stay with broken neck on that brick 🧱 full of dopamine, that steals your full and real life. Get an Architecture book, a bio of a mathematician, go into a garden and read it and after that take a walk alone or in the city. Walk and appreciate the sun ☀️ or the moon 🌙. Check the eyes of the people around and do a small smile to them. Ask the name of their dog. ""Forget"" the phone at home for 8 hours.",positive,0.48361483216285706,0,0_just_like_quit_going
t3_1phdta6,t1_nt2ea5g,,Vassar_Bashing,2025-12-09T05:21:38+00:00,13,This guy is full of crap. He posted on another sub  2 days ago that he can’t stop himself from doing pron.,,This guy is full of crap. He posted on another sub 2 days ago that he can’t stop himself from doing pron.,negative,0.9367029070854187,0,0_just_like_quit_going
t3_1phdta6,t1_nsyeqkh,,Federal_Might1097,2025-12-08T16:11:33+00:00,10,"I am doing that right now as we speak! it’s a slow process since I realized that getting on my phone every ten minutes was off of instinct, so currently trying to fight that lol",,"I am doing that right now as we speak! it’s a slow process since I realized that getting on my phone every ten minutes was off of instinct, so currently trying to fight that lol",neutral,0.5220609307289124,0,0_just_like_quit_going
t3_1phdta6,t1_nsyk7vo,,Mammoth-Car3183,2025-12-08T16:38:28+00:00,5,Great man! Rooting for you!,,Great man! Rooting for you!,positive,0.9854905605316162,1,1_tomorrow_today_start_man
t3_1phdta6,t1_nszv73t,,Crazy-Car948,2025-12-08T20:29:10+00:00,8,What’s wrong with coffee,,What’s wrong with coffee,negative,0.7184799909591675,0,0_just_like_quit_going
t3_1phdta6,t1_nsy9ihe,,Specialist_Visual416,2025-12-08T15:45:52+00:00,26,Whats wrong with going out?,,Whats wrong with going out?,neutral,0.6468620300292969,0,0_just_like_quit_going
t3_1phdta6,t1_nsygrg5,,Mammoth-Car3183,2025-12-08T16:21:26+00:00,39,"I didn't say it but I refer as ""going out"" as drinking alcohol, sleeping late and hook up with girls.",,"I didn't say it but I refer as ""going out"" as drinking alcohol, sleeping late and hook up with girls.",neutral,0.5886732339859009,0,0_just_like_quit_going
t3_1phdta6,t1_nsyikwp,,lutello,2025-12-08T16:30:23+00:00,33,you can say PORN 🙄,,you can say PORN 🙄,negative,0.815110981464386,-1,-1_let_say_reddit_didn
t3_1phdta6,t1_nsyk2o5,,Mammoth-Car3183,2025-12-08T16:37:46+00:00,17,Reddit didn't let me 🤣,,Reddit didn't let me 🤣,negative,0.6810681223869324,-1,-1_let_say_reddit_didn
t3_1phdta6,t1_nsz731z,,rattleyourcage,2025-12-08T18:30:21+00:00,7,Why quit coffee? I’ve stopped before and realized it just didn’t really make a difference.,,Why quit coffee? I’ve stopped before and realized it just didn’t really make a difference.,negative,0.5578020811080933,0,0_just_like_quit_going
t3_1phdta6,t1_oizc1fd,,rattleyourcage,2026-04-29T17:52:58+00:00,1,Some poeple are allergic to peanuts and some people have extreme reactions to coffee.,,Some poeple are allergic to peanuts and some people have extreme reactions to coffee.,negative,0.6134978532791138,0,0_just_like_quit_going
t3_1phdta6,t1_nsys3w3,,Any_Two_1799,2025-12-08T17:17:12+00:00,6,"it's great you made all those changes, but doing everything at once can backfire fast. Your brain freaks out from the sudden shift. Maybe ease into it so you don’t burn out and crash, because discipline feels harder when you’re running on empty",,"it's great you made all those changes, but doing everything at once can backfire fast. Your brain freaks out from the sudden shift. Maybe ease into it so you don’t burn out and crash, because discipline feels harder when you’re running on empty",negative,0.5058718323707581,0,0_just_like_quit_going
t3_1phdta6,t1_nt3w6yz,,Mammoth-Car3183,2025-12-09T13:21:46+00:00,2,"Yeah totally, it can backfire. I just hit that point where doing everything at once weirdly felt easier than dragging it out. I just needed a clean break. It could easily not work for everyone.",,"Yeah totally, it can backfire. I just hit that point where doing everything at once weirdly felt easier than dragging it out. I just needed a clean break. It could easily not work for everyone.",negative,0.723976194858551,0,0_just_like_quit_going
t3_1phdta6,t1_nszf4ka,,genuinelyexcited,2025-12-08T19:09:07+00:00,4,"that's awesome man, congrats! most people probably aren't ready to give everything all at once - what i've found helpful is identify the DOMINO habit... for me, it's alcohol. when I don't drink, everything else becomes so much easier to tackle (gym, eating well, staying focused etc). find the domino.",,"that's awesome man, congrats! most people probably aren't ready to give everything all at once - what i've found helpful is identify the DOMINO habit... for me, it's alcohol. when I don't drink, everything else becomes so much easier to tackle (gym, eating well, staying focused etc). find the domino.",positive,0.9452359676361084,0,0_just_like_quit_going
t3_1phdta6,t1_oizca0i,,rattleyourcage,2026-04-29T17:53:58+00:00,1,Fantastic advice!!! You young men are wonderful.,,Fantastic advice!!! You young men are wonderful.,positive,0.9850757718086243,1,1_tomorrow_today_start_man
t3_1phdta6,t1_nsysz51,,dot90zoom,2025-12-08T17:21:28+00:00,9,"Any advice on quitting p*rn? I’m 6 months + of quitting doomscrolling/procrastinating and of eating sweets and fast food but I find it so difficult to quit p*rn. I really want to quit, I feel like it’s ruining my perception of women and the most I’ve gone without it has been like ~10 days. I don’t know why but the mental battle to fight the urge is really hard. Everything else I’ve quit has helped me tremendously, mainly with my business, but idk why p*rn is so hard",,"Any advice on quitting p*rn? I’m 6 months + of quitting doomscrolling/procrastinating and of eating sweets and fast food but I find it so difficult to quit p*rn. I really want to quit, I feel like it’s ruining my perception of women and the most I’ve gone without it has been like ~10 days. I don’t know why but the mental battle to fight the urge is really hard. Everything else I’ve quit has helped me tremendously, mainly with my business, but idk why p*rn is so hard",negative,0.86805659532547,0,0_just_like_quit_going
t3_1phdta6,t1_nt7ntdg,,InILoveOnly427,2025-12-10T01:08:32+00:00,2,"Notice the urge when it comes up. It starts with a thought. If you can observe the thoughts and not get sucked into them, the urge will pass. You have control over your mind, but your mind will fight you because your brain wants dopamine and it's also used to that pattern of thought about masturbating>strong feeling/urge>searching for porn>masturbating. If you can break the link between the initial thought and then subsequent feeling/urge, it will help starve the addiction. If that urge does come up, do something to get some energy out such as push ups, go for a walk, etc. Most importantly, don't beat yourself up if you give in. You can do this.",,"Notice the urge when it comes up. It starts with a thought. If you can observe the thoughts and not get sucked into them, the urge will pass. You have control over your mind, but your mind will fight you because your brain wants dopamine and it's also used to that pattern of thought about masturbating>strong feeling/urge>searching for porn>masturbating. If you can break the link between the initial thought and then subsequent feeling/urge, it will help starve the addiction. If that urge does come up, do something to get some energy out such as push ups, go for a walk, etc. Most importantly, don't beat yourself up if you give in. You can do this.",neutral,0.7406453490257263,0,0_just_like_quit_going
t3_1phdta6,t1_nszusb2,,Idekyuno,2025-12-08T20:27:08+00:00,4,"Idk honestly I'm a woman and my toy broke like a month or two ago. Couldn't do it without anymore. It was frustrating for a few days and then I just forgot. It didn't even come to mind anymore. And when it does now, it's usually just ""oh yeah, I could. But also, I could just not."" Honestly, it isn't even a goal of mine. Today I was home alone and just went for it, without a toy but with porn, and it was easy. It didn't take forever. And afterwards I was done. No craving for more. And until now that I've read about it, I didn't think about it either. So idk if this helps in any way. But I think if you manage to ""accept"" that you just won't do it, it might be easier? On the other hand, I think it's hard to not have a single ""bad habit"", especially when you're used to having lots of them. Maybe you can replace porn with something else. Something ""lighter"". Is it porn you want to quit or masturbation as a whole? Because if it's ""just"" porn, you could try music. I sometimes just listen to really good music and that's all I need, no visuals.",,"Idk honestly I'm a woman and my toy broke like a month or two ago. Couldn't do it without anymore. It was frustrating for a few days and then I just forgot. It didn't even come to mind anymore. And when it does now, it's usually just ""oh yeah, I could. But also, I could just not."" Honestly, it isn't even a goal of mine. Today I was home alone and just went for it, without a toy but with porn, and it was easy. It didn't take forever. And afterwards I was done. No craving for more. And until now that I've read about it, I didn't think about it either. So idk if this helps in any way. But I think if you manage to ""accept"" that you just won't do it, it might be easier? On the other hand, I think it's hard to not have a single ""bad habit"", especially when you're used to having lots of them. Maybe you can replace porn with something else. Something ""lighter"". Is it porn you want to quit or masturbation as a whole? Because if it's ""just"" porn, you could try music. I sometimes just listen to really good music and that's all I need, no visuals.",negative,0.6759817600250244,0,0_just_like_quit_going
t3_1phdta6,t1_ntlfgxc,,Significant_Cup_8276,2025-12-12T04:55:55+00:00,1,"I couldn’t get off the sex addiction without help. 12 steps really made a big difference, SAA & SLAA",,"I couldn’t get off the sex addiction without help. 12 steps really made a big difference, SAA & SLAA",positive,0.45459869503974915,0,0_just_like_quit_going
t3_1phdta6,t1_nt1r6le,,pmiller61,2025-12-09T02:45:32+00:00,5,I read this as “and today I was my 93rd birthday!!!”,,I read this as “and today I was my 93rd birthday!!!”,positive,0.6060928702354431,1,1_tomorrow_today_start_man
t3_1phdta6,t1_nsz1gcn,,chrizzeh,2025-12-08T18:03:02+00:00,3,Very inspiring!,,Very inspiring!,positive,0.9585586190223694,1,1_tomorrow_today_start_man
t3_1phdta6,t1_nszq6ab,,Mammoth-Car3183,2025-12-08T20:04:10+00:00,1,Thanks man!,,Thanks man!,positive,0.9569743871688843,1,1_tomorrow_today_start_man
t3_1phdta6,t1_nt4drw4,,PM_ME_YOUR_SPAGHETTO,2025-12-09T15:01:49+00:00,3,Astroturfing,,Astroturfing,neutral,0.8386521339416504,1,1_tomorrow_today_start_man
t3_1phdta6,t1_nsza2g0,,Weak-Letterhead6784,2025-12-08T18:44:47+00:00,2,Thanks for the motivation bro. Respect,,Thanks for the motivation bro. Respect,positive,0.9533034563064575,1,1_tomorrow_today_start_man
t3_1phdta6,t1_nszi31g,,Firm-Hour996,2025-12-08T19:23:49+00:00,2,"Love this and I wanna do the same!!! My biggest issues rn are caffeine and scrolling. Junk food as well but only for the last month I guess this cold weather got me feeling a little low but I don’t want to let that distract me. I want to be disciplined and for some reason it feels like an unobtainable goal. Thanks for sharing your experience, it is extremely refreshing and inspiring.",,"Love this and I wanna do the same!!! My biggest issues rn are caffeine and scrolling. Junk food as well but only for the last month I guess this cold weather got me feeling a little low but I don’t want to let that distract me. I want to be disciplined and for some reason it feels like an unobtainable goal. Thanks for sharing your experience, it is extremely refreshing and inspiring.",positive,0.5812678933143616,0,0_just_like_quit_going
t3_1phdta6,t1_nt0cd66,,oraqi,2025-12-08T21:54:07+00:00,2,How about Reddit? I love this app I can't unstall it what do I do,,How about Reddit? I love this app I can't unstall it what do I do,positive,0.7290019989013672,0,0_just_like_quit_going
t3_1phdta6,t1_nt1xlo2,,Mammoth-Car3183,2025-12-09T03:23:52+00:00,1,What do you use it for?,,What do you use it for?,neutral,0.894955039024353,0,0_just_like_quit_going
t3_1phdta6,t1_nxb6xlb,,celphconcepts,2026-01-02T19:56:35+00:00,1,i know it'd be tough for sure. but the good thing is reddit can be used for memes but it can also be used for positive use [like this subreddit],,i know it'd be tough for sure. but the good thing is reddit can be used for memes but it can also be used for positive use [like this subreddit],positive,0.6477662920951843,0,0_just_like_quit_going
t3_1phdta6,t1_nt0mv76,,TemporaryStreet8128,2025-12-08T22:50:14+00:00,2,i’ve done this before and now i’m unable to. i get severe anxiety and i’m rather caught in fear. do you have any advice on how i can restart and carry on?,,i’ve done this before and now i’m unable to. i get severe anxiety and i’m rather caught in fear. do you have any advice on how i can restart and carry on?,negative,0.8579381704330444,0,0_just_like_quit_going
t3_1phdta6,t1_nt7o3ft,,InILoveOnly427,2025-12-10T01:10:11+00:00,2,"try the book ""letting go"" by David Hawkins",,"try the book ""letting go"" by David Hawkins",neutral,0.7840062379837036,0,0_just_like_quit_going
t3_1phdta6,t1_ntlfvkx,,Significant_Cup_8276,2025-12-12T04:58:41+00:00,1,12 step meetings help me allot. I couldn’t do it without the support as the anxiety was too much.,,12 step meetings help me allot. I couldn’t do it without the support as the anxiety was too much.,positive,0.69514000415802,0,0_just_like_quit_going
t3_1phdta6,t1_nt1004g,,Rita_Metermaid,2025-12-09T00:05:55+00:00,2,Why are we censoring the word porn?,,Why are we censoring the word porn?,negative,0.7765476703643799,0,0_just_like_quit_going
t3_1phdta6,t1_nt1112r,,AccountantNational96,2025-12-09T00:11:49+00:00,2,Good for you I also quit porn a year ago.,,Good for you I also quit porn a year ago.,positive,0.7997658252716064,0,0_just_like_quit_going
t3_1phdta6,t1_nt15s6o,,ihabb1,2025-12-09T00:39:14+00:00,2,Hell yea! Congrats bruv!,,Hell yea! Congrats bruv!,positive,0.9844402074813843,1,1_tomorrow_today_start_man
t3_1phdta6,t1_nt1go3k,,[deleted],2025-12-09T01:44:41+00:00,2,This is very inspiring to read ❤️ thank you for sharing this wisdom with us ❤️ God bless you,,This is very inspiring to read ❤️ thank you for sharing this wisdom with us ❤️ God bless you,positive,0.9868832230567932,1,1_tomorrow_today_start_man
t3_1phdta6,t1_nt29zad,,killaskt,2025-12-09T04:46:14+00:00,2,Okay I gotta say I quit caffeine but found myself coming back to it not for any other reason but 200mg of caffeine isn’t that unhealthy and it does help a bit. Though I never fixed my sleep so there’s that,,Okay I gotta say I quit caffeine but found myself coming back to it not for any other reason but 200mg of caffeine isn’t that unhealthy and it does help a bit. Though I never fixed my sleep so there’s that,positive,0.6429105401039124,0,0_just_like_quit_going
t3_1phdta6,t1_nt3a96m,,Human-Wealth-3200,2025-12-09T10:26:53+00:00,2,"That is such a weird combination of things to quit at once. Going out on the weekend??? Umm socializing is good for folks. So are you now just staying inside, binge watching soft core and looking at tinder? Also what do you consider junk food? And why the caffeine? I am so confused by this combo. It feels very attention seeking or very teenager doing something to seem weird or maybe it just feels like someone that literally has no clue what the world is or how to be in it?? Are you looking for an award? Is this a normal mix of things to abandon? I am so baffled and concerned for you, bro. You ok?",,"That is such a weird combination of things to quit at once. Going out on the weekend??? Umm socializing is good for folks. So are you now just staying inside, binge watching soft core and looking at tinder? Also what do you consider junk food? And why the caffeine? I am so confused by this combo. It feels very attention seeking or very teenager doing something to seem weird or maybe it just feels like someone that literally has no clue what the world is or how to be in it?? Are you looking for an award? Is this a normal mix of things to abandon? I am so baffled and concerned for you, bro. You ok?",negative,0.7910084128379822,0,0_just_like_quit_going
t3_1phdta6,t1_nt3ri9x,,NoChairGaming,2025-12-09T12:51:22+00:00,5,"First of all, quitting all bad habits at once is usually a no-no for vast majority of people, unless they can have some kind of bootcamp getaway for a couple of weeks to avoid usual stressors and have everything ready. But also, he is a bit vague about his “origin story:
- he did 1000 days of journaling, from age of 15 to now, which was 18 yo 13 days ago. That change his life and all… he also did meditation for two years but doesn’t really see the point he also started to sit in total silence since he was 17, because he was a mess then and dropped out of college but now he got into the best university in his country for marketing (that he is in marketing is something I can believe in, storytelling with creative truth is blinding!). Wait, wasn’t he already doing journaling nonstop for two years when he was 17, which changed him into a productive person? and now he has done 93 days of quit everything, which, believe it or not, changed his life and made him a productive person. Oh, and he is 24 years old now. What a guy, getting 6 years of life in just 13 days. and this post with the brilliant “quit everything but like, take it just one day at a time” gets over 1,1k upvotes. People who upvotes really haven’t been to any simple “how to drop weight for regular humans” classes or boot camps, since most would point out how important cheat days, not doing everything at once and so on. Therefore and thusly, this sub is beyond saving.",,"First of all, quitting all bad habits at once is usually a no-no for vast majority of people, unless they can have some kind of bootcamp getaway for a couple of weeks to avoid usual stressors and have everything ready. But also, he is a bit vague about his “origin story: - he did 1000 days of journaling, from age of 15 to now, which was 18 yo 13 days ago. That change his life and all… he also did meditation for two years but doesn’t really see the point he also started to sit in total silence since he was 17, because he was a mess then and dropped out of college but now he got into the best university in his country for marketing (that he is in marketing is something I can believe in, storytelling with creative truth is blinding!). Wait, wasn’t he already doing journaling nonstop for two years when he was 17, which changed him into a productive person? and now he has done 93 days of quit everything, which, believe it or not, changed his life and made him a productive person. Oh, and he is 24 years old now. What a guy, getting 6 years of life in just 13 days. and this post with the brilliant “quit everything but like, take it just one day at a time” gets over 1,1k upvotes. People who upvotes really haven’t been to any simple “how to drop weight for regular humans” classes or boot camps, since most would point out how important cheat days, not doing everything at once and so on. Therefore and thusly, this sub is beyond saving.",neutral,0.5827133655548096,0,0_just_like_quit_going
t3_1phdta6,t1_nt4qyps,,madandboujee,2025-12-09T16:07:32+00:00,2,"Love this! I quit alcohol, Facebook and Instagram for this reason. Also set a timer on my phone so I can't exceed an hour in phone games or other social media platforms (like LinkedIn). It's been 29 days and I feel so much more balanced and regulated!",,"Love this! I quit alcohol, Facebook and Instagram for this reason. Also set a timer on my phone so I can't exceed an hour in phone games or other social media platforms (like LinkedIn). It's been 29 days and I feel so much more balanced and regulated!",positive,0.9034172892570496,0,0_just_like_quit_going
t3_1phdta6,t1_nt8rqxa,,AngentFoxSmith,2025-12-10T05:25:36+00:00,2,"There is something important that you mentioned. Never fall in despair. Ups and downs in life are to be expected, but if you fall in despair, your downs are going to be much worse. This was something that I have also learned recently. For me it was a process that took years of self-reflection, reading, answering the why behind my habits, observing myself, taking action, taking notes, but also going back and forth. But then you get to that one day when something clicks and you become constant with all of your habits and you stick to them long term. And then you say... this is it.",,"There is something important that you mentioned. Never fall in despair. Ups and downs in life are to be expected, but if you fall in despair, your downs are going to be much worse. This was something that I have also learned recently. For me it was a process that took years of self-reflection, reading, answering the why behind my habits, observing myself, taking action, taking notes, but also going back and forth. But then you get to that one day when something clicks and you become constant with all of your habits and you stick to them long term. And then you say... this is it.",neutral,0.5222330689430237,0,0_just_like_quit_going
t3_1phdta6,t1_ntcvalm,,Medical-Shopping9295,2025-12-10T21:16:43+00:00,2,So you saying you got an occupation huh,,So you saying you got an occupation huh,neutral,0.8568558692932129,1,1_tomorrow_today_start_man
t3_1phdta6,t1_ntloljn,,BundyBundarian,2025-12-12T06:04:59+00:00,2,"Couple questions. Why caffeine? The rest makes sense, but I find it helpful hitting preworkout before going to the gym. How'd you quit doomscrolling? And was that one difficult? Why quit junk food altogether? Why not have it once a week instead? More so curious on the reason, rather than to change your mind.",,"Couple questions. Why caffeine? The rest makes sense, but I find it helpful hitting preworkout before going to the gym. How'd you quit doomscrolling? And was that one difficult? Why quit junk food altogether? Why not have it once a week instead? More so curious on the reason, rather than to change your mind.",neutral,0.7742342948913574,0,0_just_like_quit_going
t3_1phdta6,t1_nsyvvqk,,bloodwolftico,2025-12-08T17:35:52+00:00,2,"What's wrong with playing games? I mean a good, natural amount, not stop taking care of yourself or chores due to this. I see this as much a hobby as watching sports games with your friends or w/e. Or what if you work in game design?",,"What's wrong with playing games? I mean a good, natural amount, not stop taking care of yourself or chores due to this. I see this as much a hobby as watching sports games with your friends or w/e. Or what if you work in game design?",neutral,0.6268333792686462,0,0_just_like_quit_going
t3_1phdta6,t1_nszk7pw,,NoChairGaming,2025-12-08T19:34:30+00:00,7,"Nothing wrong, at all. It is an active hobby, can be done with friends but one drawback is that it is often sedentary and depending on if you play on phone or computer, can be a bit to close to the screen. Otherwise, most of those things aren’t bad unless you overindulge. But another tip, check post history of the people writing here. OP tried quitting caffeine his whole adult life. In another thread he is an 18 year old who journaled for 1000 days. Oh, and he is doing marketing campaign for some app. Yeah, need a big bag of salt for most advice on this sub.",,"Nothing wrong, at all. It is an active hobby, can be done with friends but one drawback is that it is often sedentary and depending on if you play on phone or computer, can be a bit to close to the screen. Otherwise, most of those things aren’t bad unless you overindulge. But another tip, check post history of the people writing here. OP tried quitting caffeine his whole adult life. In another thread he is an 18 year old who journaled for 1000 days. Oh, and he is doing marketing campaign for some app. Yeah, need a big bag of salt for most advice on this sub.",neutral,0.5891283750534058,0,0_just_like_quit_going
t3_1phdta6,t1_nsz39rf,,[deleted],2025-12-08T18:11:52+00:00,2,"Brother you are blessed from the crown of your head to the soles of your feet. This is well said, since August I been off social media, no p*rn (slipped up a few times), and I cut off all my friends at the very beginning of the year. No going out just pure focus, A lot less phone time. It feels SOO much better with having a clear head. Stay Blessed !",,"Brother you are blessed from the crown of your head to the soles of your feet. This is well said, since August I been off social media, no p*rn (slipped up a few times), and I cut off all my friends at the very beginning of the year. No going out just pure focus, A lot less phone time. It feels SOO much better with having a clear head. Stay Blessed !",positive,0.8865833878517151,0,0_just_like_quit_going
t3_1phdta6,t1_nsympmd,,AutoModerator,2025-12-08T16:50:35+00:00,1,"Sorry, your account is too new to comment in r/GetDisciplined . Please wait until your account is at least 3 days old. I am a bot, and this action was performed automatically. Please contact the moderators of this subreddit if you have any questions or concerns.",,"Sorry, your account is too new to comment in r/GetDisciplined . Please wait until your account is at least 3 days old. I am a bot, and this action was performed automatically. Please contact the moderators of this subreddit if you have any questions or concerns.",negative,0.5823840498924255,0,0_just_like_quit_going
t3_1phdta6,t1_nsyt9yb,,girl_genius91,2025-12-08T17:22:59+00:00,1,Congratulations!.,,Congratulations!.,positive,0.9587759375572205,1,1_tomorrow_today_start_man
t3_1phdta6,t1_nt545mk,,girl_genius91,2025-12-09T17:10:30+00:00,1,You’re welcome!.,,You’re welcome!.,positive,0.9494757652282715,1,1_tomorrow_today_start_man
t3_1phdta6,t1_nsyxzql,,Talkingtoweltokes,2025-12-08T17:46:12+00:00,1,RemindMe! 6 months,,RemindMe! 6 months,neutral,0.5683422088623047,1,1_tomorrow_today_start_man
t3_1phdta6,t1_nsyy6sb,,RemindMeBot,2025-12-08T17:47:09+00:00,1,I will be messaging you in 6 months on 2026-06-08 17:46:12 UTC to remind you of this link CLICK THIS LINK to send a PM to also be reminded and to reduce spam. Parent commenter can delete this message to hide from others. Info Custom Your Reminders Feedback,,I will be messaging you in 6 months on 2026-06-08 17:46:12 UTC to remind you of this link CLICK THIS LINK to send a PM to also be reminded and to reduce spam. Parent commenter can delete this message to hide from others. Info Custom Your Reminders Feedback,neutral,0.8833425641059875,1,1_tomorrow_today_start_man
t3_1phdta6,t1_nt05t1e,,incessantemente,2025-12-08T21:21:37+00:00,1,"Your story is sensational, congratulations for influencing people in a correct and realistic way🙏",,"Your story is sensational, congratulations for influencing people in a correct and realistic way🙏",positive,0.9794942140579224,1,1_tomorrow_today_start_man
t3_1phdta6,t1_nt3wma8,,Mammoth-Car3183,2025-12-09T13:24:24+00:00,1,"No problem man, really glad to inspire people",,"No problem man, really glad to inspire people",positive,0.9766379594802856,1,1_tomorrow_today_start_man
t3_1phdta6,t1_nt0kv75,,20GhostRider03,2025-12-08T22:39:17+00:00,1,"Can you tell me if, by doing these things, I will actually achieve this in life? Not just things like, ""I am having a great time"" or ""my head is clear,"" because those things don't necessarily make you productive in life.",,"Can you tell me if, by doing these things, I will actually achieve this in life? Not just things like, ""I am having a great time"" or ""my head is clear,"" because those things don't necessarily make you productive in life.",positive,0.49604764580726624,0,0_just_like_quit_going
t3_1phdta6,t1_nt0l7fy,,20GhostRider03,2025-12-08T22:41:07+00:00,1,"I want your honest answer. I have achieved this in my life after doing something meaningful, like physical activity.",,"I want your honest answer. I have achieved this in my life after doing something meaningful, like physical activity.",positive,0.6707293391227722,0,0_just_like_quit_going
t3_1phdta6,t1_nt0lrp0,,20GhostRider03,2025-12-08T22:44:12+00:00,1,I want to congratulate you because these are great to do.,,I want to congratulate you because these are great to do.,positive,0.9840348958969116,1,1_tomorrow_today_start_man
t3_1phdta6,t1_nt0ow5l,,NIN-pig,2025-12-08T23:01:27+00:00,1,I fucking love caffeine tho 😮‍💨,,I fucking love caffeine tho 😮‍💨,positive,0.9495552778244019,0,0_just_like_quit_going
t3_1phdta6,t1_nt3wupg,,Mammoth-Car3183,2025-12-09T13:25:51+00:00,2,"Well I am not saying you should delete it complete it from your life, but it should be consume in a moderate way",,"Well I am not saying you should delete it complete it from your life, but it should be consume in a moderate way",neutral,0.6552820205688477,0,0_just_like_quit_going
t3_1phdta6,t1_nt0plik,,Sad_Molasses3588,2025-12-08T23:05:26+00:00,1,Feels like this was a promotion,,Feels like this was a promotion,neutral,0.7321964502334595,1,1_tomorrow_today_start_man
t3_1phdta6,t1_nt3wyc9,,Mammoth-Car3183,2025-12-09T13:26:27+00:00,1,Why would you think that?,,Why would you think that?,negative,0.7264474630355835,0,0_just_like_quit_going
t3_1phdta6,t1_nt0qeae,,Soul0103,2025-12-08T23:09:58+00:00,1,Have you incorporated any meditation?,,Have you incorporated any meditation?,neutral,0.8936634659767151,0,0_just_like_quit_going
t3_1phdta6,t1_nt0xa9h,,birolsun,2025-12-08T23:50:15+00:00,1,why coffee? is it bad,,why coffee? is it bad,negative,0.7205327153205872,0,0_just_like_quit_going
t3_1phdta6,t1_nt10rlt,,The_Lone_Wolfie_,2025-12-09T00:10:18+00:00,1,"I started my journey out of the blue one day to finally lose the weight I have been talking about. I am already down 15lbs and still going strong. I also decided one day to start going back to church and found my faith again. I also started one day a while back to organize and correctly manage my finances which are now in order. I found that the first step is the hardest, but after that first step, all you have to do is just keep going. I struggled a lot getting started, but that momentum you get going is so crazy and it makes it so much easier to get through the hard times or challenging events or obstacles in your path. I learned recently in life that you can't shoot for perfection in anything, because you will hesitate everytime. Just start, consistency will take you so much farther than perfection ever will. 🙂 God bless",,"I started my journey out of the blue one day to finally lose the weight I have been talking about. I am already down 15lbs and still going strong. I also decided one day to start going back to church and found my faith again. I also started one day a while back to organize and correctly manage my finances which are now in order. I found that the first step is the hardest, but after that first step, all you have to do is just keep going. I struggled a lot getting started, but that momentum you get going is so crazy and it makes it so much easier to get through the hard times or challenging events or obstacles in your path. I learned recently in life that you can't shoot for perfection in anything, because you will hesitate everytime. Just start, consistency will take you so much farther than perfection ever will. 🙂 God bless",positive,0.8439539670944214,0,0_just_like_quit_going
t3_1phdta6,t1_nt155g8,,NoraMantuu,2025-12-09T00:35:35+00:00,1,But what's wrong with coffee? 😞 It's such a pleasure to have it after you wake up and it's actually good for you in appropriate amounts.,,But what's wrong with coffee? 😞 It's such a pleasure to have it after you wake up and it's actually good for you in appropriate amounts.,positive,0.712081789970398,0,0_just_like_quit_going
